﻿Designator,Quantity,Value,Footprint,Package,MPN,DNP,Mount_Type,PARTREV,STANDARD,MANUFACTURER,Description
J2,1,FTSH-105-X-X-DV-007-P-X,SAMTEC_FTSH-105-X-X-DV-007-P-X,,,,smt,H,Manufacturer Recommendations,Samtec,
"R1, R2",2,100k,R_0402_1005Metric,,,,smt,,,,Resistor
"R3, R4",2,1K,R_0402_1005Metric,,,,smt,,,,Resistor
SW1,1,208-4,DIP8_208-4_CTS,,,,tht,,,,
"U1, U2",2,Si4464,QFN-20-1EP_4x4mm_P0.5mm_EP2.6x2.6mm_ThermalVias,,,,smt,,,,"High-Performance, Low-Current Sub-GHz Transceiver, +20dBm, Banded 119-960 MHz, QFN-20"
U3,1,STM32F407VGT6,LQFP-100_14x14mm_P0.5mm,,,,smt,,,,"STMicroelectronics Arm Cortex-M4 MCU, 1024KB flash, 192KB RAM, 168 MHz, 1.8-3.6V, 82 GPIO, LQFP100"
