﻿pos_x,pos_y,rotation,side,designator,mpn,pack,footprint,value,mount_type
187.965,-82.54,90.0,top,J2,,,SAMTEC_FTSH-105-X-X-DV-007-P-X,FTSH-105-X-X-DV-007-P-X,smt
189.49,-94.03,0.0,top,R1,,,R_0402_1005Metric,100k,smt
189.49,-96.02,0.0,top,R2,,,R_0402_1005Metric,100k,smt
189.49,-98.01,0.0,top,R3,,,R_0402_1005Metric,1K,smt
189.49,-100.0,0.0,top,R4,,,R_0402_1005Metric,1K,smt
177.38,-107.38,0.0,top,SW1,,,DIP8_208-4_CTS,208-4,tht
163.4,-92.65,0.0,top,U1,,,QFN-20-1EP_4x4mm_P0.5mm_EP2.6x2.6mm_ThermalVias,Si4464,smt
159.825,-103.5,0.0,top,U2,,,QFN-20-1EP_4x4mm_P0.5mm_EP2.6x2.6mm_ThermalVias,Si4464,smt
127.325,-99.0,0.0,top,U3,,,LQFP-100_14x14mm_P0.5mm,STM32F407VGT6,smt
